Municipio del hecho DANE,Departamento del hecho DANE,total_casos,ratio_masculino,años_activos,cluster
abejorral,antioquia,57,0.0,10,0
acacías,meta,178,0.0,10,0
acandí,chocó,38,0.0,10,0
acevedo,huila,152,0.0,10,0
achí,bolívar,25,0.0,9,0
agrado,huila,8,0.0,6,1
agua de dios,cundinamarca,7,0.0,6,1
aguachica,cesar,294,0.0,9,0
aguachíca,cesar,27,0.0,1,1
aguadas,caldas,62,0.0,10,0
aguazul,casanare,61,0.0,10,0
agustín codazzi,cesar,163,0.0,10,0
aipe,huila,25,0.0,10,0
albania,caquetá,16,0.0,4,1
albania,la guajira,34,0.0,10,0
albania,santander,9,0.0,6,1
alcalá,valle del cauca,130,0.0,10,0
aldana,nariño,10,0.0,6,1
alejandría,antioquia,8,0.0,6,1
algarrobo,magdalena,30,0.0,8,0
algeciras,huila,146,0.0,10,0
almaguer,cauca,17,0.0,6,1
altamira,huila,5,0.0,4,1
alto baudó,chocó,19,0.0,8,0
alvarado,tolima,13,0.0,6,1
amagá,antioquia,116,0.0,10,0
amalfi,antioquia,152,0.0,10,0
ambalema,tolima,42,0.0,9,0
anapoima,cundinamarca,9,0.0,7,1
ancuyá,nariño,8,0.0,4,1
andalucía,valle del cauca,128,0.0,10,0
andes,antioquia,335,0.0,10,0
angelópolis,antioquia,34,0.0,10,0
angostura,antioquia,74,0.0,10,0
anolaima,cundinamarca,11,0.0,8,0
anorí,antioquia,197,0.0,10,0
anserma,caldas,74,0.0,10,0
ansermanuevo,valle del cauca,235,0.0,10,0
anzoátegui,tolima,48,0.0,9,0
anzá,antioquia,27,0.0,8,0
apartadó,antioquia,423,0.0,10,0
apulo,cundinamarca,12,0.0,6,1
apía,risaralda,45,0.0,10,0
aquitania,boyacá,18,0.0,10,0
aracataca,magdalena,121,0.0,10,0
aranzazu,caldas,13,0.0,6,1
arauca,arauca,317,0.0,10,0
arauquita,arauca,262,0.0,10,0
arbeláez,cundinamarca,10,0.0,5,1
arboledas,norte de santander,7,0.0,5,1
arboletes,antioquia,11,0.0,3,1
arenal,bolívar,32,0.0,9,0
argelia,antioquia,28,0.0,6,1
argelia,cauca,354,0.0,10,0
argelia,valle del cauca,31,0.0,9,0
ariguaní,magdalena,66,0.0,10,0
arjona,bolívar,178,0.0,10,0
armenia,antioquia,25,0.0,9,0
armenia,quindio,131,0.0,1,1
armenia,quindío,797,0.0,9,0
armero guayabal,tolima,20,0.0,8,0
astrea,cesar,40,0.0,8,0
ataco,tolima,35,0.0,10,0
atrato,chocó,24,0.0,9,0
ayapel,córdoba,17,0.0,8,0
bagadó,chocó,7,0.0,4,1
bahía solano,chocó,9,0.0,5,1
bajo baudó,chocó,22,0.0,6,1
balboa,cauca,105,0.0,9,0
balboa,risaralda,15,0.0,8,0
baranoa,atlántico,48,0.0,10,0
baraya,huila,26,0.0,9,0
barbacoas,nariño,85,0.0,10,0
barbosa,antioquia,214,0.0,10,0
barbosa,santander,41,0.0,10,0
barranca de upía,meta,27,0.0,8,0
barrancabermeja,santander,659,0.0,10,0
barrancas,la guajira,70,0.0,10,0
barranco de loba,bolívar,32,0.0,8,0
barranquilla,atlántico,3846,0.0,10,3
becerril,cesar,43,0.0,10,0
belalcázar,caldas,37,0.0,10,0
bello,antioquia,850,0.0,10,0
belmira,antioquia,23,0.0,7,1
belén de los andaquíes,caquetá,26,0.0,9,0
belén de umbría,risaralda,78,0.0,10,0
betania,antioquia,143,0.0,10,0
betulia,antioquia,103,0.0,10,0
bochalema,norte de santander,5,0.0,4,1
bogotá d.c.,bogotá d.c.,2674,0.0,2,3
"bogotá, d.c.","bogotá, d.c.",8992,0.0,8,2
bojacá,cundinamarca,7,0.0,4,1
bojayá,chocó,9,0.0,6,1
bolívar,cauca,98,0.0,9,0
bolívar,santander,16,0.0,8,0
bolívar,valle del cauca,79,0.0,10,0
bosconia,cesar,129,0.0,10,0
briceño,antioquia,93,0.0,10,0
bucaramanga,santander,1129,0.0,10,3
bucarasica,norte de santander,24,0.0,7,1
buenaventura,valle del cauca,1057,0.0,10,3
buenavista,córdoba,13,0.0,7,1
buenavista,sucre,11,0.0,7,1
buenos aires,cauca,232,0.0,10,0
buesaco,nariño,22,0.0,7,1
bugalagrande,valle del cauca,133,0.0,10,0
buriticá,antioquia,46,0.0,10,0
cabuyaro,meta,13,0.0,6,1
cachipay,cundinamarca,15,0.0,8,0
caicedo,antioquia,10,0.0,7,1
caicedonia,valle del cauca,227,0.0,10,0
cajamarca,tolima,26,0.0,10,0
cajibío,cauca,117,0.0,10,0
cajicá,cundinamarca,36,0.0,10,0
calamar,bolívar,32,0.0,8,0
calamar,guaviare,74,0.0,10,0
calarca,quindio,33,0.0,1,1
calarcá,quindío,231,0.0,9,0
caldas,antioquia,227,0.0,10,0
caldono,cauca,95,0.0,9,0
cali,valle del cauca,9984,0.0,9,2
calima,valle del cauca,62,0.0,9,0
caloto,cauca,233,0.0,10,0
campamento,antioquia,40,0.0,10,0
campo de la cruz,atlántico,17,0.0,7,1
campoalegre,huila,161,0.0,10,0
canalete,córdoba,23,0.0,8,0
candelaria,atlántico,12,0.0,9,0
candelaria,valle del cauca,550,0.0,10,0
cantagallo,bolívar,18,0.0,6,1
caparrapí,cundinamarca,8,0.0,6,1
caqueza,cundinamarca,6,0.0,1,1
caracolí,antioquia,5,0.0,4,1
carepa,antioquia,164,0.0,10,0
carmen de apicalá,tolima,21,0.0,8,0
carmen del darién,chocó,18,0.0,7,1
cartagena,bolívar,290,0.0,1,1
cartagena de indias,bolívar,2659,0.0,9,3
cartagena del chairá,caquetá,155,0.0,10,0
cartago,valle del cauca,757,0.0,10,0
casabianca,tolima,15,0.0,7,1
castilla la nueva,meta,19,0.0,9,0
caucasia,antioquia,744,0.0,10,0
cañasgordas,antioquia,67,0.0,10,0
cereté,córdoba,169,0.0,10,0
chachagüí,nariño,8,0.0,6,1
chaguaní,cundinamarca,7,0.0,4,1
chalán,sucre,6,0.0,4,1
chaparral,tolima,136,0.0,10,0
charalá,santander,5,0.0,5,1
chigorodó,antioquia,286,0.0,10,0
chimichagua,cesar,41,0.0,10,0
chimá,córdoba,21,0.0,7,1
chinchiná,caldas,168,0.0,10,0
chinácota,norte de santander,22,0.0,7,1
chinú,córdoba,55,0.0,8,0
chipaque,cundinamarca,7,0.0,4,1
chiquinquirá,boyacá,44,0.0,10,0
chiriguaná,cesar,94,0.0,10,0
chita,boyacá,5,0.0,4,1
chitagá,norte de santander,28,0.0,8,0
chitaraque,boyacá,9,0.0,7,1
chivolo,magdalena,21,0.0,7,1
chocontá,cundinamarca,15,0.0,7,1
chía,cundinamarca,63,0.0,10,0
cicuco,bolívar,12,0.0,7,1
cimitarra,santander,107,0.0,10,0
circasia,quindio,9,0.0,1,1
circasia,quindío,82,0.0,8,0
cisneros,antioquia,53,0.0,10,0
ciudad bolívar,antioquia,271,0.0,10,0
ciénaga,magdalena,501,0.0,10,0
ciénaga de oro,córdoba,44,0.0,7,1
clemencia,bolívar,29,0.0,10,0
cocorná,antioquia,47,0.0,10,0
coello,tolima,15,0.0,8,0
cogua,cundinamarca,9,0.0,7,1
colombia,huila,12,0.0,7,1
coloso,sucre,12,0.0,6,1
concepción,antioquia,7,0.0,5,1
concordia,antioquia,110,0.0,10,0
condoto,chocó,10,0.0,6,1
contadero,nariño,7,0.0,3,1
convención,norte de santander,122,0.0,9,0
copacabana,antioquia,212,0.0,10,0
coper,boyacá,6,0.0,4,1
corinto,cauca,325,0.0,10,0
corozal,sucre,119,0.0,10,0
cota,cundinamarca,21,0.0,8,0
cotorra,córdoba,36,0.0,10,0
coveñas,sucre,67,0.0,10,0
coyaima,tolima,45,0.0,10,0
cravo norte,arauca,17,0.0,8,0
cuaspúd,nariño,14,0.0,4,1
cubará,boyacá,13,0.0,6,1
cucunubá,cundinamarca,11,0.0,6,1
cumaral,meta,31,0.0,10,0
cumaribo,vichada,35,0.0,9,0
cumbal,nariño,23,0.0,9,0
cumbitara,nariño,25,0.0,6,1
cunday,tolima,15,0.0,6,1
curillo,caquetá,43,0.0,9,0
curití,santander,6,0.0,5,1
curumaní,cesar,74,0.0,9,0
cáceres,antioquia,286,0.0,10,0
cáchira,norte de santander,10,0.0,5,1
cácota,norte de santander,7,0.0,4,1
cáqueza,cundinamarca,13,0.0,8,0
cértegui,chocó,7,0.0,5,1
cómbita,boyacá,25,0.0,10,0
córdoba,bolívar,12,0.0,8,0
córdoba,nariño,16,0.0,7,1
cúcuta,norte de santander,2599,0.0,10,3
dabeiba,antioquia,120,0.0,10,0
dagua,valle del cauca,165,0.0,10,0
dibulla,la guajira,108,0.0,10,0
distracción,la guajira,8,0.0,5,1
dolores,tolima,16,0.0,8,0
don matías,antioquia,5,0.0,1,1
donmatías,antioquia,40,0.0,9,0
dos quebradas,risaralda,52,0.0,1,1
dosquebradas,risaralda,425,0.0,9,0
duitama,boyacá,75,0.0,10,0
durania,norte de santander,8,0.0,5,1
ebéjico,antioquia,43,0.0,10,0
el bagre,antioquia,228,0.0,10,0
el banco,magdalena,124,0.0,10,0
el cairo,valle del cauca,54,0.0,10,0
el carmen,norte de santander,80,0.0,9,0
el carmen de atrato,chocó,14,0.0,7,1
el carmen de bolívar,bolívar,202,0.0,10,0
el carmen de chucurí,santander,14,0.0,8,0
el carmen de viboral,antioquia,145,0.0,10,0
el castillo,meta,14,0.0,8,0
el cerrito,valle del cauca,350,0.0,10,0
el charco,nariño,27,0.0,9,0
el cocuy,boyacá,7,0.0,4,1
el colegio,cundinamarca,31,0.0,10,0
el copey,cesar,104,0.0,8,0
el doncello,caquetá,60,0.0,10,0
el dovio,valle del cauca,44,0.0,9,0
el litoral del san juan,chocó,43,0.0,7,1
el paso,cesar,126,0.0,10,0
el paujíl,caquetá,59,0.0,9,0
el peñol,nariño,9,0.0,4,1
el peñón,santander,11,0.0,7,1
el piñón,magdalena,13,0.0,6,1
el playón,santander,23,0.0,8,0
el retorno,guaviare,50,0.0,10,0
el retén,magdalena,53,0.0,10,0
el roble,sucre,14,0.0,7,1
el rosal,cundinamarca,21,0.0,10,0
el rosario,nariño,24,0.0,9,0
el santuario,antioquia,50,0.0,10,0
el tablón de gómez,nariño,5,0.0,5,1
el tambo,cauca,304,0.0,10,0
el tambo,nariño,9,0.0,5,1
el tarra,norte de santander,73,0.0,9,0
el zulia,norte de santander,106,0.0,10,0
el águila,valle del cauca,116,0.0,10,0
elías,huila,5,0.0,3,1
entrerríos,antioquia,29,0.0,8,0
envigado,antioquia,113,0.0,10,0
espinal,tolima,267,0.0,10,0
facatativá,cundinamarca,190,0.0,10,0
falan,tolima,11,0.0,8,0
filadelfia,caldas,14,0.0,7,1
filandia,quindío,13,0.0,5,1
flandes,tolima,130,0.0,10,0
florencia,caquetá,486,0.0,10,0
florencia,cauca,22,0.0,5,1
florida,valle del cauca,333,0.0,10,0
floridablanca,santander,296,0.0,10,0
fonseca,la guajira,108,0.0,10,0
fortul,arauca,170,0.0,10,0
francisco pizarro,nariño,29,0.0,9,0
fredonia,antioquia,85,0.0,10,0
fresno,tolima,94,0.0,10,0
frontino,antioquia,65,0.0,10,0
fuente de oro,meta,32,0.0,9,0
fundación,magdalena,198,0.0,10,0
funza,cundinamarca,78,0.0,10,0
fusagasugá,cundinamarca,161,0.0,10,0
fómeque,cundinamarca,6,0.0,6,1
gachancipá,cundinamarca,11,0.0,7,1
galapa,atlántico,90,0.0,10,0
galeras,sucre,27,0.0,9,0
gamarra,cesar,26,0.0,9,0
garagoa,boyacá,6,0.0,5,1
garzón,huila,125,0.0,10,0
gigante,huila,48,0.0,9,0
ginebra,valle del cauca,34,0.0,9,0
giraldo,antioquia,29,0.0,10,0
girardot,cundinamarca,446,0.0,10,0
girardota,antioquia,117,0.0,10,0
girón,santander,229,0.0,10,0
gonzález,cesar,32,0.0,9,0
gramalote,norte de santander,5,0.0,4,1
granada,antioquia,18,0.0,6,1
granada,cundinamarca,6,0.0,4,1
granada,meta,215,0.0,10,0
guaca,santander,12,0.0,6,1
guacarí,valle del cauca,218,0.0,10,0
guachene,cauca,6,0.0,1,1
guachené,cauca,170,0.0,9,0
guachetá,cundinamarca,19,0.0,9,0
guadalajara de buga,valle del cauca,773,0.0,10,0
guadalupe,antioquia,14,0.0,6,1
guadalupe,huila,39,0.0,10,0
guaduas,cundinamarca,55,0.0,10,0
guamal,magdalena,31,0.0,9,0
guamal,meta,32,0.0,9,0
guamo,tolima,82,0.0,10,0
guapi,cauca,27,0.0,1,1
guapí,cauca,45,0.0,9,0
guaranda,sucre,24,0.0,8,0
guarne,antioquia,115,0.0,10,0
guasca,cundinamarca,6,0.0,5,1
guatapé,antioquia,17,0.0,7,1
guatavita,cundinamarca,6,0.0,4,1
guayabetal,cundinamarca,5,0.0,3,1
gutiérrez,cundinamarca,5,0.0,4,1
guática,risaralda,15,0.0,6,1
gámbita,santander,6,0.0,5,1
génova,quindio,5,0.0,1,1
génova,quindío,32,0.0,8,0
gómez plata,antioquia,39,0.0,9,0
güepsa,santander,5,0.0,4,1
güican,boyacá,12,0.0,1,1
güicán,boyacá,6,0.0,4,1
hacarí,norte de santander,42,0.0,9,0
hatillo de loba,bolívar,12,0.0,7,1
hato corozal,casanare,27,0.0,9,0
hatonuevo,la guajira,19,0.0,8,0
heliconia,antioquia,28,0.0,9,0
herrán,norte de santander,7,0.0,4,1
herveo,tolima,15,0.0,8,0
hispania,antioquia,37,0.0,10,0
hobo,huila,27,0.0,6,1
honda,tolima,90,0.0,10,0
ibagué,tolima,860,0.0,10,0
icononzo,tolima,9,0.0,6,1
iles,nariño,6,0.0,4,1
inzá,cauca,37,0.0,10,0
inírida,guainía,23,0.0,9,0
ipiales,nariño,370,0.0,10,0
isnos,huila,101,0.0,10,0
istmina,chocó,80,0.0,10,0
itagui,antioquia,36,0.0,1,1
itagüí,antioquia,295,0.0,9,0
ituango,antioquia,310,0.0,10,0
jambaló,cauca,18,0.0,8,0
jamundí,valle del cauca,901,0.0,10,0
jardín,antioquia,92,0.0,10,0
jericó,antioquia,30,0.0,10,0
juan de acosta,atlántico,32,0.0,10,0
juradó,chocó,11,0.0,5,1
la apartada,córdoba,50,0.0,10,0
la argentina,huila,13,0.0,7,1
la calera,cundinamarca,23,0.0,9,0
la ceja,antioquia,89,0.0,10,0
la celia,risaralda,41,0.0,10,0
la cruz,nariño,8,0.0,3,1
la cumbre,valle del cauca,21,0.0,9,0
la dorada,caldas,188,0.0,10,0
la esperanza,norte de santander,21,0.0,8,0
la estrella,antioquia,124,0.0,10,0
la florida,nariño,6,0.0,4,1
la gloria,cesar,53,0.0,10,0
la jagua de ibirico,cesar,73,0.0,10,0
la jagua del pilar,la guajira,6,0.0,4,1
la llanada,nariño,5,0.0,3,1
la macarena,meta,149,0.0,10,0
la merced,caldas,5,0.0,4,1
la mesa,cundinamarca,49,0.0,10,0
la montañita,caquetá,84,0.0,9,0
la palma,cundinamarca,7,0.0,5,1
la paz,cesar,55,0.0,10,0
la paz,santander,8,0.0,7,1
la peña,cundinamarca,5,0.0,3,1
la pintada,antioquia,49,0.0,9,0
la plata,huila,149,0.0,10,0
la playa,norte de santander,45,0.0,10,0
la primavera,vichada,14,0.0,6,1
la sierra,cauca,37,0.0,10,0
la tebaida,quindio,24,0.0,1,1
la tebaida,quindío,143,0.0,9,0
la tola,nariño,5,0.0,4,1
la unión,antioquia,41,0.0,9,0
la unión,nariño,47,0.0,9,0
la unión,sucre,10,0.0,4,1
la unión,valle del cauca,324,0.0,10,0
la uribe,meta,10,0.0,1,1
la vega,cauca,37,0.0,8,0
la vega,cundinamarca,21,0.0,7,1
la victoria,valle del cauca,82,0.0,10,0
la virginia,risaralda,120,0.0,10,0
labateca,norte de santander,6,0.0,4,1
landázuri,santander,34,0.0,9,0
lebrija,santander,29,0.0,8,0
leiva,nariño,24,0.0,9,0
lejanías,meta,28,0.0,8,0
lenguazaque,cundinamarca,9,0.0,6,1
leticia,amazonas,139,0.0,10,0
liborina,antioquia,30,0.0,9,0
linares,nariño,11,0.0,6,1
lloró,chocó,29,0.0,9,0
lorica,córdoba,208,0.0,10,0
los andes,nariño,9,0.0,5,1
los córdobas,córdoba,24,0.0,9,0
los palmitos,sucre,18,0.0,10,0
los patios,norte de santander,127,0.0,10,0
los santos,santander,6,0.0,6,1
luruaco,atlántico,58,0.0,10,0
lérida,tolima,50,0.0,10,0
líbano,tolima,74,0.0,10,0
lópez de micay,cauca,21,0.0,7,1
maceo,antioquia,37,0.0,7,1
madrid,cundinamarca,109,0.0,10,0
magangué,bolívar,222,0.0,10,0
magüí,nariño,27,0.0,9,0
mahates,bolívar,37,0.0,9,0
maicao,la guajira,742,0.0,10,0
majagual,sucre,40,0.0,9,0
malambo,atlántico,411,0.0,10,0
mallama,nariño,37,0.0,8,0
manatí,atlántico,8,0.0,4,1
manaure,la guajira,34,0.0,10,0
manaure balcón del cesar,cesar,13,0.0,7,1
manizales,caldas,581,0.0,10,0
manzanares,caldas,29,0.0,7,1
maní,casanare,67,0.0,10,0
mapiripán,meta,71,0.0,10,0
margarita,bolívar,7,0.0,5,1
marinilla,antioquia,131,0.0,10,0
maripí,boyacá,6,0.0,4,1
marmato,caldas,40,0.0,10,0
marquetalia,caldas,19,0.0,8,0
marsella,risaralda,42,0.0,10,0
marulanda,caldas,9,0.0,7,1
maría la baja,bolívar,107,0.0,10,0
medellín,antioquia,4729,0.0,10,3
medina,cundinamarca,11,0.0,7,1
medio atrato,chocó,23,0.0,8,0
medio baudó,chocó,5,0.0,4,1
medio san juan,chocó,11,0.0,6,1
melgar,tolima,79,0.0,10,0
mercaderes,cauca,106,0.0,9,0
mesetas,meta,43,0.0,10,0
milán,caquetá,19,0.0,8,0
miraflores,guaviare,25,0.0,9,0
miranda,cauca,192,0.0,10,0
mistrató,risaralda,43,0.0,10,0
mitú,vaupés,18,0.0,7,1
mocoa,putumayo,98,0.0,10,0
mogotes,santander,14,0.0,6,1
momil,córdoba,30,0.0,9,0
mompós,bolívar,39,0.0,10,0
moniquirá,boyacá,12,0.0,5,1
montebello,antioquia,7,0.0,5,1
montecristo,bolívar,51,0.0,10,0
montelíbano,córdoba,326,0.0,10,0
montenegro,quindio,30,0.0,1,1
montenegro,quindío,225,0.0,9,0
monterrey,casanare,22,0.0,9,0
montería,córdoba,846,0.0,10,0
morales,bolívar,56,0.0,10,0
morales,cauca,102,0.0,10,0
morelia,caquetá,10,0.0,6,1
morichal,guainía,13,0.0,1,1
morroa,sucre,28,0.0,8,0
mosquera,cundinamarca,120,0.0,10,0
mosquera,nariño,15,0.0,5,1
moñitos,córdoba,23,0.0,8,0
murillo,tolima,12,0.0,7,1
murindó,antioquia,10,0.0,6,1
mutatá,antioquia,109,0.0,10,0
mutiscua,norte de santander,6,0.0,4,1
muzo,boyacá,6,0.0,4,1
málaga,santander,9,0.0,7,1
nariño,antioquia,24,0.0,10,0
nariño,nariño,11,0.0,5,1
natagaima,tolima,22,0.0,10,0
nechí,antioquia,54,0.0,9,0
necoclí,antioquia,55,0.0,10,0
neira,caldas,56,0.0,10,0
neiva,huila,799,0.0,10,0
nemocón,cundinamarca,15,0.0,9,0
nilo,cundinamarca,7,0.0,5,1
nocaima,cundinamarca,13,0.0,9,0
norcasia,caldas,13,0.0,5,1
norosí,bolívar,46,0.0,9,0
nueva granada,magdalena,34,0.0,8,0
nunchía,casanare,16,0.0,7,1
nuquí,chocó,7,0.0,4,1
nátaga,huila,10,0.0,5,1
nóvita,chocó,22,0.0,9,0
obando,valle del cauca,110,0.0,10,0
ocamonte,santander,5,0.0,3,1
ocaña,norte de santander,396,0.0,10,0
oiba,santander,6,0.0,5,1
olaya,antioquia,26,0.0,8,0
olaya herrera,nariño,29,0.0,9,0
onzaga,santander,5,0.0,5,1
oporapa,huila,26,0.0,9,0
orito,putumayo,200,0.0,10,0
orocué,casanare,33,0.0,9,0
ortega,tolima,18,0.0,8,0
otanche,boyacá,9,0.0,7,1
ovejas,sucre,33,0.0,9,0
pacho,cundinamarca,20,0.0,7,1
padilla,cauca,48,0.0,9,0
paicol,huila,8,0.0,3,1
pailitas,cesar,58,0.0,10,0
paipa,boyacá,12,0.0,6,1
palermo,huila,55,0.0,10,0
palestina,caldas,76,0.0,10,0
palestina,huila,16,0.0,8,0
palmar de varela,atlántico,32,0.0,9,0
palmira,valle del cauca,1460,0.0,10,3
palmito,sucre,12,0.0,5,1
palocabildo,tolima,23,0.0,7,1
pamplona,norte de santander,39,0.0,10,0
pandi,cundinamarca,7,0.0,5,1
paratebueno,cundinamarca,26,0.0,9,0
pasca,cundinamarca,5,0.0,3,1
pasto,nariño,532,0.0,10,0
patía,cauca,337,0.0,10,0
pauna,boyacá,11,0.0,6,1
paz de ariporo,casanare,76,0.0,10,0
pedraza,magdalena,8,0.0,6,1
pelaya,cesar,69,0.0,9,0
pensilvania,caldas,21,0.0,7,1
peque,antioquia,23,0.0,8,0
pereira,risaralda,1304,0.0,10,3
peñol,antioquia,69,0.0,10,0
piamonte,cauca,67,0.0,10,0
piedecuesta,santander,197,0.0,10,0
piendamó,cauca,78,0.0,10,0
pijao,quindio,8,0.0,1,1
pijao,quindío,17,0.0,7,1
pijiño del carmen,magdalena,10,0.0,5,1
pinchote,santander,6,0.0,3,1
pinillos,bolívar,15,0.0,7,1
piojó,atlántico,6,0.0,4,1
pital,huila,12,0.0,9,0
pitalito,huila,419,0.0,10,0
pivijay,magdalena,74,0.0,10,0
planadas,tolima,93,0.0,10,0
planeta rica,córdoba,51,0.0,10,0
plato,magdalena,90,0.0,10,0
policarpa,nariño,48,0.0,9,0
polonuevo,atlántico,16,0.0,7,1
ponedera,atlántico,26,0.0,9,0
popayán,cauca,718,0.0,10,0
pore,casanare,21,0.0,8,0
potosí,nariño,9,0.0,8,0
pradera,valle del cauca,338,0.0,10,0
prado,tolima,8,0.0,5,1
providencia,nariño,7,0.0,3,1
pueblo bello,cesar,29,0.0,9,0
pueblo nuevo,córdoba,16,0.0,5,1
pueblo rico,risaralda,21,0.0,8,0
pueblorrico,antioquia,24,0.0,7,1
puebloviejo,magdalena,52,0.0,9,0
puente nacional,santander,10,0.0,5,1
puerres,nariño,8,0.0,7,1
puerto asís,putumayo,427,0.0,10,0
puerto berrío,antioquia,320,0.0,10,0
puerto boyacá,boyacá,174,0.0,10,0
puerto caicedo,putumayo,119,0.0,10,0
puerto carreño,vichada,105,0.0,10,0
puerto colombia,atlántico,109,0.0,10,0
puerto concordia,meta,48,0.0,10,0
puerto escondido,córdoba,12,0.0,6,1
puerto gaitán,meta,194,0.0,10,0
puerto guzmán,putumayo,239,0.0,10,0
puerto leguízamo,putumayo,164,0.0,10,0
puerto libertador,córdoba,120,0.0,10,0
puerto lleras,meta,37,0.0,9,0
puerto lópez,meta,114,0.0,10,0
puerto nare,antioquia,10,0.0,5,1
puerto parra,santander,7,0.0,4,1
puerto rico,caquetá,92,0.0,10,0
puerto rico,meta,50,0.0,10,0
puerto rondón,arauca,93,0.0,9,0
puerto salgar,cundinamarca,33,0.0,10,0
puerto santander,norte de santander,180,0.0,10,0
puerto tejada,cauca,409,0.0,10,0
puerto triunfo,antioquia,48,0.0,10,0
puerto wilches,santander,119,0.0,10,0
pupiales,nariño,19,0.0,6,1
puracé,cauca,13,0.0,7,1
purificación,tolima,24,0.0,9,0
purísima de la concepción,córdoba,27,0.0,9,0
pácora,caldas,31,0.0,7,1
páez,cauca,70,0.0,9,0
quebradanegra,cundinamarca,9,0.0,6,1
quibdó,chocó,1228,0.0,10,3
quimbaya,quindio,33,0.0,1,1
quimbaya,quindío,152,0.0,9,0
quinchía,risaralda,47,0.0,10,0
quipile,cundinamarca,8,0.0,5,1
quípama,boyacá,11,0.0,8,0
ragonvalia,norte de santander,13,0.0,5,1
ramiriquí,boyacá,6,0.0,5,1
regidor,bolívar,11,0.0,7,1
remedios,antioquia,282,0.0,10,0
remolino,magdalena,12,0.0,6,1
repelón,atlántico,33,0.0,10,0
restrepo,meta,20,0.0,8,0
restrepo,valle del cauca,105,0.0,10,0
retiro,antioquia,23,0.0,9,0
ricaurte,cundinamarca,22,0.0,9,0
ricaurte,nariño,62,0.0,10,0
rioblanco,tolima,53,0.0,9,0
riofrío,valle del cauca,89,0.0,10,0
riohacha,la guajira,689,0.0,10,0
rionegro,antioquia,300,0.0,10,0
rionegro,santander,41,0.0,10,0
riosucio,caldas,50,0.0,10,0
riosucio,chocó,80,0.0,10,0
risaralda,caldas,29,0.0,9,0
rivera,huila,37,0.0,10,0
roberto payán,nariño,19,0.0,6,1
roldanillo,valle del cauca,181,0.0,10,0
roncesvalles,tolima,7,0.0,5,1
rosas,cauca,38,0.0,10,0
rovira,tolima,125,0.0,10,0
ráquira,boyacá,7,0.0,5,1
río de oro,cesar,50,0.0,10,0
río quito,chocó,28,0.0,8,0
río viejo,bolívar,21,0.0,8,0
sabana de torres,santander,75,0.0,10,0
sabanagrande,atlántico,48,0.0,10,0
sabanalarga,antioquia,29,0.0,10,0
sabanalarga,atlántico,125,0.0,10,0
sabanas de san ángel,magdalena,11,0.0,7,1
sabaneta,antioquia,54,0.0,10,0
saboyá,boyacá,5,0.0,3,1
sahagún,córdoba,123,0.0,9,0
saladoblanco,huila,35,0.0,9,0
salamina,caldas,20,0.0,9,0
salazar,norte de santander,9,0.0,5,1
saldaña,tolima,24,0.0,10,0
salento,quindío,21,0.0,8,0
salgar,antioquia,160,0.0,10,0
samacá,boyacá,20,0.0,10,0
samaniego,nariño,75,0.0,10,0
samaná,caldas,27,0.0,8,0
sampués,sucre,72,0.0,9,0
san agustín,huila,53,0.0,10,0
san alberto,cesar,46,0.0,10,0
san andres de tumaco,nariño,131,0.0,1,1
san andrés,"archipiélago de san andrés, providencia y santa catalina",270,0.0,10,0
san andrés,santander,7,0.0,6,1
san andrés de cuerquía,antioquia,53,0.0,10,0
san andrés de sotavento,córdoba,8,0.0,6,1
san andrés de tumaco,nariño,1595,0.0,9,3
san antero,córdoba,85,0.0,10,0
san antonio,tolima,33,0.0,8,0
san antonio del tequendama,cundinamarca,14,0.0,6,1
san benito abad,sucre,36,0.0,10,0
san bernardo,cundinamarca,5,0.0,4,1
san bernardo,nariño,6,0.0,4,1
san bernardo del viento,córdoba,30,0.0,9,0
san calixto,norte de santander,27,0.0,9,0
san carlos,antioquia,48,0.0,9,0
san carlos,córdoba,34,0.0,8,0
san carlos de guaroa,meta,28,0.0,10,0
san cayetano,norte de santander,16,0.0,8,0
san diego,cesar,36,0.0,10,0
san estanislao,bolívar,10,0.0,6,1
san fernando,bolívar,5,0.0,5,1
san francisco,antioquia,26,0.0,8,0
san francisco,cundinamarca,15,0.0,7,1
san gil,santander,32,0.0,10,0
san jacinto,bolívar,37,0.0,7,1
san jacinto del cauca,bolívar,10,0.0,6,1
san jerónimo,antioquia,78,0.0,10,0
san josé,caldas,6,0.0,5,1
san josé de la montaña,antioquia,8,0.0,5,1
san josé de uré,córdoba,73,0.0,8,0
san josé del fragua,caquetá,97,0.0,9,0
san josé del guaviare,guaviare,188,0.0,10,0
san josé del palmar,chocó,63,0.0,9,0
san juan de arama,meta,24,0.0,9,0
san juan de betulia,sucre,26,0.0,8,0
san juan de rioseco,cundinamarca,6,0.0,5,1
san juan de urabá,antioquia,6,0.0,3,1
san juan del cesar,la guajira,65,0.0,10,0
san juan nepomuceno,bolívar,26,0.0,9,0
san lorenzo,nariño,15,0.0,5,1
san luis,antioquia,58,0.0,10,0
san luis,tolima,24,0.0,9,0
san luis de cubarral,meta,6,0.0,5,1
san luis de gaceno,boyacá,6,0.0,6,1
san luis de palenque,casanare,17,0.0,6,1
san luis de sincé,sucre,50,0.0,10,0
san marcos,sucre,96,0.0,10,0
san martín,cesar,46,0.0,9,0
san martín,meta,89,0.0,10,0
san martín de loba,bolívar,24,0.0,10,0
san miguel,putumayo,94,0.0,10,0
san onofre,sucre,171,0.0,10,0
san pablo,bolívar,109,0.0,10,0
san pablo,nariño,17,0.0,4,1
san pablo de borbur,boyacá,8,0.0,6,1
san pedro,sucre,28,0.0,10,0
san pedro,valle del cauca,112,0.0,10,0
san pedro de los milagros,antioquia,81,0.0,10,0
san pedro de urabá,antioquia,15,0.0,5,1
san pelayo,córdoba,35,0.0,10,0
san rafael,antioquia,37,0.0,7,1
san roque,antioquia,90,0.0,10,0
san sebastián de buenavista,magdalena,14,0.0,6,1
san sebastián de mariquita,tolima,126,0.0,10,0
san vicente,antioquia,11,0.0,1,1
san vicente de chucurí,santander,24,0.0,9,0
san vicente del caguán,caquetá,345,0.0,10,0
san vicente ferrer,antioquia,53,0.0,9,0
san zenón,magdalena,15,0.0,8,0
sandoná,nariño,15,0.0,6,1
santa ana,magdalena,18,0.0,7,1
santa bárbara,antioquia,105,0.0,10,0
santa bárbara,nariño,8,0.0,3,1
santa catalina,bolívar,23,0.0,10,0
santa fé de antioquia,antioquia,146,0.0,9,0
santa isabel,tolima,15,0.0,7,1
santa marta,magdalena,1422,0.0,10,3
santa maría,huila,26,0.0,10,0
santa rosa,bolívar,44,0.0,10,0
santa rosa,cauca,10,0.0,5,1
santa rosa de cabal,risaralda,194,0.0,10,0
santa rosa de osos,antioquia,130,0.0,10,0
santa rosa del sur,bolívar,119,0.0,9,0
santacruz,nariño,6,0.0,3,1
santafé de antioquia,antioquia,14,0.0,1,1
santana,boyacá,10,0.0,6,1
santander de quilichao,cauca,1049,0.0,10,3
santiago,norte de santander,8,0.0,4,1
santiago,putumayo,7,0.0,7,1
santiago de cali,valle del cauca,1424,0.0,1,1
santiago de calima,valle del cauca,9,0.0,1,1
santiago de tolú,sucre,94,0.0,10,0
santo domingo,antioquia,44,0.0,10,0
santo tomás,atlántico,28,0.0,10,0
santuario,risaralda,73,0.0,10,0
sapuyes,nariño,8,0.0,5,1
saravena,arauca,390,0.0,10,0
sardinata,norte de santander,138,0.0,10,0
sasaima,cundinamarca,17,0.0,9,0
segovia,antioquia,464,0.0,10,0
sesquilé,cundinamarca,9,0.0,6,1
sevilla,valle del cauca,227,0.0,10,0
sibaté,cundinamarca,48,0.0,10,0
sibundoy,putumayo,10,0.0,5,1
silvania,cundinamarca,38,0.0,10,0
silvia,cauca,41,0.0,7,1
simacota,santander,13,0.0,6,1
simijaca,cundinamarca,11,0.0,6,1
simití,bolívar,71,0.0,10,0
sincelejo,sucre,693,0.0,10,0
sipí,chocó,6,0.0,5,1
sitionuevo,magdalena,79,0.0,10,0
soacha,cundinamarca,1625,0.0,10,3
socha,boyacá,8,0.0,4,1
socorro,santander,18,0.0,10,0
socotá,boyacá,6,0.0,6,1
sogamoso,boyacá,80,0.0,10,0
solano,caquetá,42,0.0,10,0
soledad,atlántico,1628,0.0,10,3
solita,caquetá,27,0.0,9,0
sonson,antioquia,5,0.0,1,1
sonsón,antioquia,158,0.0,9,0
sopetrán,antioquia,86,0.0,10,0
sopó,cundinamarca,10,0.0,8,0
soracá,boyacá,6,0.0,4,1
sotara,cauca,18,0.0,8,0
suaita,santander,7,0.0,5,1
suan,atlántico,5,0.0,4,1
suaza,huila,80,0.0,10,0
subachoque,cundinamarca,8,0.0,6,1
sucre,cauca,19,0.0,7,1
sucre,santander,11,0.0,6,1
sucre,sucre,11,0.0,7,1
suesca,cundinamarca,20,0.0,9,0
supía,caldas,63,0.0,10,0
sutatausa,cundinamarca,11,0.0,9,0
suárez,cauca,236,0.0,10,0
suárez,tolima,5,0.0,4,1
sácama,casanare,8,0.0,5,1
tabio,cundinamarca,10,0.0,6,1
tadó,chocó,27,0.0,5,1
talaigua nuevo,bolívar,12,0.0,6,1
tamalameque,cesar,36,0.0,8,0
tame,arauca,410,0.0,10,0
taminango,nariño,42,0.0,8,0
tangua,nariño,10,0.0,6,1
tarazá,antioquia,441,0.0,10,0
tarqui,huila,27,0.0,9,0
tarso,antioquia,24,0.0,9,0
tasco,boyacá,6,0.0,4,1
tauramena,casanare,41,0.0,10,0
tausa,cundinamarca,9,0.0,5,1
tello,huila,34,0.0,9,0
tena,cundinamarca,7,0.0,5,1
tenerife,magdalena,14,0.0,8,0
tenjo,cundinamarca,15,0.0,9,0
teorama,norte de santander,87,0.0,10,0
teruel,huila,26,0.0,9,0
tesalia,huila,7,0.0,6,1
tibacuy,cundinamarca,6,0.0,6,1
tibaná,boyacá,5,0.0,3,1
tibú,norte de santander,600,0.0,10,0
tierralta,córdoba,85,0.0,9,0
timaná,huila,37,0.0,9,0
timbiquí,cauca,24,0.0,7,1
timbío,cauca,85,0.0,10,0
tiquisio,bolívar,40,0.0,10,0
titiribí,antioquia,27,0.0,9,0
toca,boyacá,5,0.0,4,1
tocaima,cundinamarca,25,0.0,9,0
tocancipá,cundinamarca,20,0.0,10,0
toledo,antioquia,48,0.0,10,0
toledo,norte de santander,28,0.0,8,0
tolú viejo,sucre,41,0.0,8,0
tona,santander,6,0.0,4,1
toribío,cauca,112,0.0,9,0
toro,valle del cauca,178,0.0,10,0
totoró,cauca,26,0.0,9,0
trinidad,casanare,26,0.0,8,0
trujillo,valle del cauca,123,0.0,10,0
tubará,atlántico,18,0.0,8,0
tuchín,córdoba,10,0.0,7,1
tuluá,valle del cauca,1208,0.0,10,3
tunja,boyacá,81,0.0,10,0
turbaco,bolívar,164,0.0,10,0
turbaná,bolívar,15,0.0,9,0
turbo,antioquia,741,0.0,10,0
támara,casanare,9,0.0,5,1
támesis,antioquia,20,0.0,9,0
túquerres,nariño,52,0.0,10,0
ubalá,cundinamarca,5,0.0,3,1
ulloa,valle del cauca,13,0.0,5,1
une,cundinamarca,9,0.0,7,1
unguía,chocó,42,0.0,8,0
unión panamericana,chocó,6,0.0,4,1
uramita,antioquia,27,0.0,10,0
uribe,meta,42,0.0,9,0
uribia,la guajira,58,0.0,9,0
urrao,antioquia,237,0.0,10,0
urumita,la guajira,13,0.0,8,0
usiacurí,atlántico,7,0.0,5,1
valdivia,antioquia,163,0.0,10,0
valencia,córdoba,13,0.0,4,1
valle de san juan,tolima,11,0.0,7,1
valle del guamuez,putumayo,240,0.0,10,0
valledupar,cesar,1003,0.0,10,3
valparaíso,antioquia,13,0.0,6,1
valparaíso,caquetá,10,0.0,8,0
vegachí,antioquia,106,0.0,9,0
venadillo,tolima,22,0.0,9,0
venecia,antioquia,105,0.0,10,0
venecia,cundinamarca,5,0.0,5,1
ventaquemada,boyacá,7,0.0,5,1
vergara,cundinamarca,14,0.0,8,0
versalles,valle del cauca,30,0.0,10,0
vianí,cundinamarca,5,0.0,4,1
victoria,caldas,14,0.0,7,1
vijes,valle del cauca,28,0.0,10,0
villa caro,norte de santander,5,0.0,4,1
villa de leyva,boyacá,6,0.0,6,1
villa de san diego de ubate,cundinamarca,8,0.0,1,1
villa de san diego de ubaté,cundinamarca,44,0.0,9,0
villa del rosario,norte de santander,416,0.0,10,0
villa rica,cauca,149,0.0,10,0
villagarzón,putumayo,111,0.0,10,0
villahermosa,tolima,27,0.0,7,1
villamaría,caldas,50,0.0,10,0
villanueva,bolívar,49,0.0,10,0
villanueva,casanare,87,0.0,10,0
villanueva,la guajira,36,0.0,9,0
villapinzón,cundinamarca,14,0.0,8,0
villarrica,tolima,8,0.0,5,1
villavicencio,meta,1179,0.0,10,3
villavieja,huila,11,0.0,6,1
villeta,cundinamarca,49,0.0,10,0
viotá,cundinamarca,27,0.0,9,0
vistahermosa,meta,91,0.0,10,0
viterbo,caldas,29,0.0,10,0
vélez,santander,16,0.0,7,1
yacopí,cundinamarca,9,0.0,6,1
yacuanquer,nariño,8,0.0,5,1
yaguará,huila,9,0.0,6,1
yalí,antioquia,60,0.0,10,0
yarumal,antioquia,310,0.0,10,0
yolombó,antioquia,115,0.0,10,0
yondó,antioquia,132,0.0,10,0
yopal,casanare,258,0.0,10,0
yotoco,valle del cauca,83,0.0,10,0
yumbo,valle del cauca,764,0.0,10,0
zambrano,bolívar,15,0.0,8,0
zaragoza,antioquia,104,0.0,10,0
zarzal,valle del cauca,221,0.0,10,0
zipaquirá,cundinamarca,155,0.0,10,0
zona bananera,magdalena,357,0.0,10,0
ábrego,norte de santander,136,0.0,9,0
íquira,huila,30,0.0,8,0
úmbita,boyacá,8,0.0,4,1
útica,cundinamarca,5,0.0,5,1
